Name,colour_code,R,G,B,Lab_L,Lab_a,Lab_b
darker blue,#011288,1,18,136,16.581546,42.704834,-63.737558
darker green,#087804,8,120,4,43.496279,-48.494108,46.826450
green again,#16d43f,22,212,63,74.580616,-71.060355,58.747660
darker purple,#5f1b6b,95,27,107,24.571925,42.072429,-31.763659
darker pink,#c4387f,196,56,127,47.104784,60.733236,-8.031680
cloudy blue,#acc2d9,172,194,217,77.497156,-2.563992,-13.972404
dark pastel green,#56ae57,86,174,87,64.110133,-44.511092,36.503920
dust,#b2996e,178,153,110,64.463113,3.051668,26.045343
electric lime,#a8ff04,168,255,4,91.618582,-55.116855,87.595820
fresh green,#69d84f,105,216,79,77.684215,-56.732470,56.232548
light eggplant,#894585,137,69,133,40.029685,38.413956,-23.332244
nasty green,#70b23f,112,178,63,66.246729,-40.695565,50.549237
really light blue,#d4ffff,212,255,255,97.119799,-13.628580,-4.555962
tea,#65ab7c,101,171,124,64.440438,-32.612415,17.445954
warm purple,#952e8f,149,46,143,38.424601,54.280669,-31.826397
yellowish tan,#fcfc81,252,252,129,96.780873,-16.174585,58.306239
cement,#a5a391,165,163,145,66.701665,-2.499063,9.619231
dark grass green,#388004,56,128,4,47.349151,-42.064496,50.438421
dusty teal,#4c9085,76,144,133,55.252285,-24.388501,-0.834596
grey teal,#5e9b8a,94,155,138,59.576717,-23.860925,2.708830
macaroni and cheese,#efb435,239,180,53,76.832899,10.269766,68.365559
pinkish tan,#d99b82,217,155,130,69.333298,20.046587,22.318876
spruce,#0a5f38,10,95,56,35.070964,-33.656148,15.829192
strong blue,#0c06f7,12,6,247,31.626264,76.416846,-104.471235
toxic green,#61de2a,97,222,42,79.011860,-63.636955,70.278081
windows blue,#3778bf,55,120,191,49.501759,3.148485,-43.215053
blue blue,#2242c7,34,66,199,34.717927,38.422819,-71.788212
blue with a hint of purple,#533cc6,83,60,198,36.265064,47.137599,-68.554744
booger,#9bb53c,155,181,60,69.713060,-25.807184,56.255696
bright sea green,#05ffa6,5,255,166,89.064206,-69.919043,28.764694
dark green blue,#1f6357,31,99,87,37.666707,-24.301928,0.610414
deep turquoise,#017374,1,115,116,43.547761,-26.320091,-8.382194
green teal,#0cb577,12,181,119,65.322463,-53.118144,21.023948
strong pink,#ff0789,255,7,137,55.302747,84.753206,-0.712131
bland,#afa88b,175,168,139,68.739660,-2.353285,15.918588
deep aqua,#08787f,8,120,127,45.655391,-24.740905,-11.781696
lavender pink,#dd85d7,221,133,215,67.318720,45.756167,-27.940352
light moss green,#a6c875,166,200,117,76.496772,-25.281486,37.789519
light seafoam green,#a7ffb5,167,255,181,93.044637,-41.022570,27.221521
olive yellow,#c2b709,194,183,9,73.126972,-11.884553,73.750476
pig pink,#e78ea5,231,142,165,68.791061,36.582709,2.330739
deep lilac,#966ebd,150,110,189,53.287091,31.391690,-35.661872
desert,#ccad60,204,173,96,71.941013,1.655526,43.375124
dusty lavender,#ac86a8,172,134,168,60.470388,20.399899,-12.398640
purpley grey,#947e94,148,126,148,55.437232,12.515959,-8.685718
purply,#983fb2,152,63,178,43.426855,54.341912,-44.845377
candy pink,#ff63e9,255,99,233,66.574098,73.966609,-38.738089
light pastel green,#b2fba5,178,251,165,92.209102,-38.344917,34.233649
boring green,#63b365,99,179,101,66.390680,-40.808800,32.327243
kiwi green,#8ee53f,142,229,63,82.991489,-51.770474,68.341765
light grey green,#b7e1a1,183,225,161,85.245824,-25.158883,26.971941
orange pink,#ff6f52,255,111,82,64.358217,53.045850,43.071910
tea green,#bdf8a3,189,248,163,91.951924,-33.639548,35.000793
very light brown,#d3b683,211,182,131,75.417425,3.270945,29.827416
egg shell,#fffcc4,255,252,196,97.980608,-7.666626,27.265602
eggplant purple,#430541,67,5,65,13.731322,35.341829,-21.066071
powder pink,#ffb2d0,255,178,208,80.548397,32.226354,-3.798165
reddish grey,#997570,153,117,112,52.581759,13.338563,8.209521
baby shit brown,#ad900d,173,144,13,60.659335,-0.607487,62.948363
liliac,#c48efd,196,142,253,68.148225,41.355944,-47.773242
stormy blue,#507b9c,80,123,156,49.822490,-5.418443,-22.340709
ugly brown,#7d7103,125,113,3,47.206632,-6.017723,52.503900
custard,#fffd78,255,253,120,97.174499,-16.213572,62.868993
darkish pink,#da467d,218,70,125,52.697411,61.613790,1.849373
deep brown,#410200,65,2,0,10.316221,29.104821,16.221271
greenish beige,#c9d179,201,209,121,81.510923,-15.767192,42.630940
manilla,#fffa86,255,250,134,96.556022,-13.601140,55.789917
off blue,#5684ae,86,132,174,53.530524,-3.670902,-27.025142
battleship grey,#6b7c85,107,124,133,50.959938,-4.154521,-6.978045
browny green,#6f6c0a,111,108,10,44.414610,-9.760413,48.218072
bruise,#7e4071,126,64,113,36.546987,33.851360,-16.471195
kelley green,#009337,0,147,55,53.104541,-53.301589,38.615558
sickly yellow,#d0e429,208,228,41,86.532813,-27.433297,79.386759
sunny yellow,#fff917,255,249,23,95.612384,-18.488631,91.396712
azul,#1d5dec,29,93,236,44.437445,34.665435,-77.041941
darkgreen,#054907,5,73,7,26.193556,-33.502253,30.878469
green/yellow,#b5ce08,181,206,8,78.452815,-28.804275,77.437070
lichen,#8fb67b,143,182,123,69.982864,-24.126923,25.896139
light light green,#c8ffb0,200,255,176,94.709712,-31.294720,32.285659
pale gold,#fdde6c,253,222,108,89.022347,-2.575632,58.841644
sun yellow,#ffdf22,255,223,34,88.995663,-5.551246,84.479514
tan green,#a9be70,169,190,112,73.825000,-19.805879,36.978554
burple,#6832e3,104,50,227,39.188285,62.990053,-80.403030
butterscotch,#fdb147,253,177,71,77.749002,18.469905,62.834672
toupe,#c7ac7d,199,172,125,71.642844,3.091334,27.815285
dark cream,#fff39a,255,243,154,95.033123,-8.234447,44.336100
indian red,#850e04,133,14,4,27.603124,46.936201,38.706436
light lavendar,#efc0fe,239,192,254,83.551016,27.392685,-24.136329
poison green,#40fd14,64,253,20,87.672916,-80.589640,81.617046
baby puke green,#b6c406,182,196,6,75.723747,-23.607333,75.591831
bright yellow green,#9dff00,157,255,0,91.092252,-58.882270,87.254611
charcoal grey,#3c4142,60,65,66,27.114681,-1.837929,-1.322150
squash,#f2ab15,242,171,21,74.863930,15.493680,75.475007
cinnamon,#ac4f06,172,79,6,44.770756,34.677614,52.878140
light pea green,#c4fe82,196,254,130,93.550458,-38.020716,53.071141
radioactive green,#2cfa1f,44,250,31,86.505004,-81.853395,78.898131
raw sienna,#9a6200,154,98,0,46.454866,16.301934,54.211522
baby purple,#ca9bf7,202,155,247,71.360865,34.631346,-39.429956
cocoa,#875f42,135,95,66,43.842849,12.665115,23.021625
light royal blue,#3a2efe,58,46,254,37.853926,68.229547,-97.979957
orangeish,#fd8d49,253,141,73,69.767026,37.250357,53.597070
rust brown,#8b3103,139,49,3,33.337033,36.514440,43.863937
sand brown,#cba560,203,165,96,69.791447,5.516447,40.743328
swamp,#698339,105,131,57,51.303018,-21.830036,36.432888
tealish green,#0cdc73,12,220,115,77.578266,-67.380952,39.154383
burnt siena,#b75203,183,82,3,47.120386,37.528065,55.990172
camo,#7f8f4e,127,143,78,56.788991,-16.598590,32.566190
dusk blue,#26538d,38,83,141,35.044464,5.300911,-36.671038
fern,#63a950,99,169,80,63.016585,-39.372910,38.792001
old rose,#c87f89,200,127,137,61.016307,29.544742,6.492493
pale light green,#b1fc99,177,252,153,92.249958,-40.822254,40.220081
peachy pink,#ff9a8a,255,154,138,73.682369,36.033891,24.576585
rosy pink,#f6688e,246,104,142,62.887027,57.702783,7.132937
light bluish green,#76fda8,118,253,168,90.287272,-55.423495,29.712144
light bright green,#53fe5c,83,254,92,88.681671,-73.611879,62.860023
light neon green,#4efd54,78,253,84,88.211909,-74.916389,65.459473
light seafoam,#a0febf,160,254,191,92.625905,-40.878345,21.516182
tiffany blue,#7bf2da,123,242,218,88.339268,-39.312546,1.257685
washed out green,#bcf5a6,188,245,166,91.120190,-32.159109,32.379622
browny orange,#ca6b02,202,107,2,55.154576,32.321021,62.597370
nice blue,#107ab0,16,122,176,48.463170,-7.621129,-36.252791
sapphire,#2138ab,33,56,171,29.640003,34.409124,-63.586013
greyish teal,#719f91,113,159,145,61.955238,-18.599028,2.329910
orangey yellow,#fdb915,253,185,21,79.408334,12.846976,79.375819
parchment,#fefcaf,254,252,175,97.546740,-10.704150,37.212279
straw,#fcf679,252,246,121,95.156768,-13.917364,60.027743
very dark brown,#1d0200,29,2,0,2.752440,9.784126,4.302317
terracota,#cb6843,203,104,67,55.078414,36.293999,38.302598
ugly blue,#31668a,49,102,138,41.199566,-5.852140,-25.130168
clear blue,#247afd,36,122,253,53.365369,23.107498,-71.976534
creme,#ffffb6,255,255,182,98.495401,-10.956466,34.998249
foam green,#90fda9,144,253,169,91.252950,-48.732333,30.672438
grey/green,#86a17d,134,161,125,63.374584,-16.408187,15.711573
light gold,#fddc5c,253,220,92,88.373992,-2.617687,65.141401
seafoam blue,#78d1b6,120,209,182,77.856533,-33.053541,5.078152
topaz,#13bbaf,19,187,175,68.585037,-40.965251,-4.960616
violet pink,#fb5ffc,251,95,252,66.309495,77.549214,-49.684829
wintergreen,#20f986,32,249,134,86.886512,-72.660171,41.740960
yellow tan,#ffe36e,255,227,110,90.472140,-4.140401,59.642923
dark fuchsia,#9d0759,157,7,89,34.073109,59.001440,-4.410387
indigo blue,#3a18b1,58,24,177,25.939535,55.301777,-73.241850
light yellowish green,#c2ff89,194,255,137,93.794505,-38.405852,50.072113
pale magenta,#d767ad,215,103,173,59.129218,52.160727,-16.789824
rich purple,#720058,114,0,88,24.585413,50.407546,-19.035825
sunflower yellow,#ffda03,255,218,3,87.685601,-3.416591,87.414207
green/blue,#01c08d,1,192,141,69.202232,-52.690977,14.494264
leather,#ac7434,172,116,52,53.504810,15.912441,43.131282
racing green,#014600,1,70,0,24.910202,-33.787429,32.498584
vivid purple,#9900fa,153,0,250,43.761340,84.296261,-85.666377
dark royal blue,#02066f,2,6,111,11.207874,40.001716,-56.675998
hazel,#8e7618,142,118,24,50.422644,-0.242032,50.627232
muted pink,#d1768f,209,118,143,60.336274,38.437986,2.210191
booger green,#96b403,150,180,3,68.847828,-29.441407,69.693384
canary,#fdff63,253,255,99,97.351685,-19.424067,71.874049
cool grey,#95a3a6,149,163,166,66.009898,-4.311086,-3.239559
dark taupe,#7f684e,127,104,78,45.584069,5.221092,18.101742
darkish purple,#751973,117,25,115,28.683476,49.409621,-30.124628
true green,#089404,8,148,4,53.210109,-56.807346,54.841505
coral pink,#ff6163,255,97,99,62.267558,60.177625,31.160652
dark sage,#598556,89,133,86,51.347831,-25.067225,20.678432
dark slate blue,#214761,33,71,97,28.622665,-4.529145,-19.323345
flat blue,#3c73a8,60,115,168,47.037008,-1.156162,-33.761885
mushroom,#ba9e88,186,158,136,67.030033,6.932894,15.340241
rich blue,#021bf9,2,27,249,33.207318,72.393960,-102.959295
dirty purple,#734a65,115,74,101,36.897190,21.902729,-8.560360
greenblue,#23c48b,35,196,139,70.662461,-52.800806,17.640652
icky green,#8fae22,143,174,34,66.693344,-28.758415,62.089335
light khaki,#e6f2a2,230,242,162,92.986778,-16.296469,37.354447
warm blue,#4b57db,75,87,219,43.396231,36.800083,-69.034687
dark hot pink,#d90166,217,1,102,46.627857,74.326192,7.104369
deep sea blue,#015482,1,84,130,33.894764,-3.403114,-31.810282
carmine,#9d0216,157,2,22,32.417847,55.818117,36.385843
dark yellow green,#728f02,114,143,2,55.305192,-26.895482,58.411612
pale peach,#ffe5ad,255,229,173,91.827544,0.936505,30.606519
plum purple,#4e0550,78,5,80,17.025705,40.437513,-26.079938
golden rod,#f9bc08,249,188,8,79.686848,9.444925,81.014171
neon red,#ff073a,255,7,58,53.733366,80.518909,44.210267
old pink,#c77986,199,121,134,59.471445,32.028386,5.985529
very pale blue,#d6fffe,214,255,254,97.215262,-13.222390,-3.887008
blood orange,#fe4b03,254,75,3,58.147288,65.454554,68.517710
grapefruit,#fd5956,253,89,86,60.520901,62.060570,36.223313
sand yellow,#fce166,252,225,102,89.630726,-4.911764,62.184253
clay brown,#b2713d,178,113,61,53.615581,20.757805,38.914499
dark blue grey,#1f3b4d,31,59,77,23.521279,-4.512414,-14.205992
flat green,#699d4c,105,157,76,59.560668,-32.384532,36.681265
light green blue,#56fca2,86,252,162,89.018585,-62.491265,30.870813
warm pink,#fb5581,251,85,129,60.424314,65.966520,11.276302
dodger blue,#3e82fc,62,130,252,56.101911,20.045510,-66.966514
gross green,#a0bf16,160,191,22,72.755715,-30.177612,70.492914
ice,#d6fffa,214,255,250,97.112259,-14.014247,-1.980238
metallic blue,#4f738e,79,115,142,46.811062,-5.205640,-18.733599
pale salmon,#ffb19a,255,177,154,79.065289,25.717335,23.242958
sap green,#5c8b15,92,139,21,52.723735,-33.544956,52.020662
algae,#54ac68,84,172,104,63.662185,-41.552078,27.091408
bluey grey,#89a0b0,137,160,176,64.638690,-4.442105,-10.960280
greeny grey,#7ea07a,126,160,122,62.492304,-19.313372,16.071208
highlighter green,#1bfc06,27,252,6,86.929699,-84.281673,82.119357
light light blue,#cafffb,202,255,251,96.426016,-17.432202,-3.585147
light mint,#b6ffbb,182,255,187,93.904967,-35.442694,25.483104
raw umber,#a75e09,167,94,9,47.291577,24.537861,53.511444
vivid blue,#152eff,21,46,255,36.612543,67.250833,-100.642201
deep lavender,#8d5eb7,141,94,183,48.369470,36.507164,-40.002596
dull teal,#5f9e8f,95,158,143,60.665291,-23.915703,1.467806
light greenish blue,#63f7b4,99,247,180,88.192035,-54.728384,20.653478
mud green,#606602,96,102,2,41.206930,-13.837885,47.054458
pinky,#fc86aa,252,134,170,69.931860,48.588977,1.514059
red wine,#8c0034,140,0,52,28.966946,53.018060,12.342247
shit green,#758000,117,128,0,50.944363,-18.017234,55.578234
tan brown,#ab7e4c,171,126,76,56.191044,11.570050,33.807975
darkblue,#030764,3,7,100,9.727772,36.052656,-51.893488
rosa,#fe86a4,254,134,164,70.039994,48.556045,5.064894
lipstick,#d5174e,213,23,78,46.060542,69.587789,21.097186
pale mauve,#fed0fc,254,208,252,88.548894,23.394864,-15.394560
claret,#680018,104,0,24,20.083736,42.154368,18.516495
dandelion,#fedf08,254,223,8,88.859962,-6.312557,87.808027
orangered,#fe420f,254,66,15,57.083754,68.560440,65.469484
poop green,#6f7c00,111,124,0,49.246678,-18.671834,54.102354
ruby,#ca0147,202,1,71,42.819234,68.983177,20.788277
dark,#1b2431,27,36,49,13.922632,0.147983,-9.805847
greenish turquoise,#00fbb0,0,251,176,88.028119,-66.569083,22.277254
pastel red,#db5856,219,88,86,54.778339,51.194147,27.835509
piss yellow,#ddd618,221,214,24,83.722370,-15.638576,80.862526
bright cyan,#41fdfe,65,253,254,91.018260,-44.161699,-13.696730
dark coral,#cf524e,207,82,78,51.671623,49.224574,28.121076
algae green,#21c36f,33,195,111,69.823245,-58.307947,31.257368
darkish red,#a90308,169,3,8,35.044151,58.570883,46.002850
reddy brown,#6e1005,110,16,5,22.645476,39.391911,31.785821
blush pink,#fe828c,254,130,140,68.704064,47.966705,16.631532
camouflage green,#4b6113,75,97,19,38.007512,-20.314018,38.811557
lawn green,#4da409,77,164,9,60.021723,-49.406005,60.283162
putty,#beae8a,190,174,138,71.592560,0.109927,20.604443
vibrant blue,#0339f8,3,57,248,37.334876,59.543409,-95.521765
dark sand,#a88f59,168,143,89,60.509185,2.017499,32.125181
purple/blue,#5d21d0,93,33,208,33.915518,63.425834,-78.206540
saffron,#feb209,254,178,9,77.837547,16.797258,79.869318
twilight,#4e518b,78,81,139,36.683476,14.663878,-32.705041
warm brown,#964e02,150,78,2,41.119086,25.873716,49.953139
bluegrey,#85a3b2,133,163,178,65.274191,-6.876543,-11.154395
bubble gum pink,#ff69af,255,105,175,65.328817,63.640165,-8.035159
duck egg blue,#c3fbf4,195,251,244,94.791420,-18.974789,-2.420534
greenish cyan,#2afeb7,42,254,183,89.294297,-64.334772,20.490575
petrol,#005f6a,0,95,106,36.412272,-19.447831,-13.064007
royal,#0c1793,12,23,147,19.210279,44.196776,-66.223964
butter,#ffff81,255,255,129,97.779840,-16.456231,59.544261
dusty orange,#f0833a,240,131,58,65.801962,36.580138,55.861798
off yellow,#f1f33f,241,243,63,93.085905,-20.335055,80.159699
pale olive green,#b1d27b,177,210,123,80.106582,-25.269750,39.505400
orangish,#fc824a,252,130,74,67.397592,42.446363,50.500562
leaf,#71aa34,113,170,52,63.760172,-37.711206,52.466214
light blue grey,#b7c9e2,183,201,226,80.364972,-0.897916,-14.432703
dried blood,#4b0101,75,1,1,12.736239,32.704953,19.548991
lightish purple,#a552e6,165,82,230,51.549917,59.593171,-61.662306
rusty red,#af2f0d,175,47,13,39.880275,50.308649,47.872800
lavender blue,#8b88f8,139,136,248,61.544087,28.818551,-55.811259
light grass green,#9af764,154,247,100,89.068714,-52.274382,60.641876
light mint green,#a6fbb2,166,251,178,91.825194,-40.043372,27.069861
sunflower,#ffc512,255,197,18,82.508145,7.435540,82.196913
velvet,#750851,117,8,81,25.414196,48.611934,-13.026741
brick orange,#c14a09,193,74,9,47.311488,45.284746,55.464508
lightish red,#fe2f4a,254,47,74,55.690107,75.214997,37.257216
pure blue,#0203e2,2,3,226,28.291757,71.750097,-98.102288
twilight blue,#0a437a,10,67,122,28.069216,5.109793,-36.109102
violet red,#a50055,165,0,85,35.316515,61.391367,0.210632
yellowy brown,#ae8b0c,174,139,12,59.427367,2.573818,62.230307
carnation,#fd798f,253,121,143,66.934956,52.261168,12.447733
muddy yellow,#bfac05,191,172,5,69.890821,-7.561105,71.690726
dark seafoam green,#3eaf76,62,175,118,64.152932,-45.221821,20.097593
deep rose,#c74767,199,71,103,49.045759,53.335676,9.446365
dusty red,#b9484e,185,72,78,46.314264,46.119843,20.479607
grey/blue,#647d8e,100,125,142,51.069684,-4.808896,-12.139780
lemon lime,#bffe28,191,254,40,92.624647,-45.796707,84.366125
purple/pink,#d725de,215,37,222,53.000481,83.024745,-54.420680
brown yellow,#b29705,178,151,5,63.020127,-2.242492,66.115591
purple brown,#673a3f,103,58,63,30.081716,20.531309,5.565201
wisteria,#a87dc2,168,125,194,58.869951,29.475589,-29.676101
banana yellow,#fafe4b,250,254,75,96.705003,-21.432930,79.975220
lipstick red,#c0022f,192,2,47,40.342660,65.415413,32.202106
water blue,#0e87cc,14,135,204,53.790803,-4.726382,-43.888384
brown grey,#8d8468,141,132,104,55.242159,-1.323873,16.377256
vibrant purple,#ad03de,173,3,222,44.552457,81.115017,-68.401344
baby green,#8cff9e,140,255,158,91.487469,-52.429385,36.440756
barf green,#94ac02,148,172,2,66.371259,-26.458120,67.875651
eggshell blue,#c4fff7,196,255,247,95.983576,-20.019899,-2.213617
sandy yellow,#fdee73,253,238,115,93.133630,-10.057284,60.404401
cool green,#33b864,51,184,100,66.445597,-54.039916,32.612590
pale,#fff9d0,255,249,208,97.457156,-4.501037,20.441803
blue/grey,#758da3,117,141,163,57.535395,-3.279561,-14.421641
hot magenta,#f504c9,245,4,201,55.807389,89.327176,-37.647014
greyblue,#77a1b5,119,161,181,63.954978,-9.230909,-14.901277
purpley,#8756e4,135,86,228,48.768635,50.794836,-65.193535
baby shit green,#889717,136,151,23,59.370064,-20.809930,58.429800
brownish pink,#c27e79,194,126,121,59.683939,25.768878,13.669127
dark aquamarine,#017371,1,115,113,43.446830,-27.312202,-6.730764
diarrhea,#9f8303,159,131,3,55.696857,-0.045817,60.253995
light mustard,#f7d560,247,213,96,86.111728,-1.285133,60.787881
pale sky blue,#bdf6fe,189,246,254,93.399644,-16.127111,-9.689678
turtle green,#75b84f,117,184,79,68.479848,-40.032098,45.958799
bright olive,#9cbb04,156,187,4,71.294725,-30.243984,71.622989
dark grey blue,#29465b,41,70,91,28.397573,-4.120038,-15.785707
greeny brown,#696006,105,96,6,40.217665,-5.945302,45.600031
lemon green,#adf802,173,248,2,89.869849,-50.534282,86.500986
light periwinkle,#c1c6fc,193,198,252,81.155311,9.551655,-27.066226
seaweed green,#35ad6b,53,173,107,63.097224,-48.255718,24.571950
sunshine yellow,#fffd37,255,253,55,96.734171,-19.697380,86.104779
ugly purple,#a442a0,164,66,160,44.700170,52.635791,-32.048493
medium pink,#f36196,243,97,150,61.490825,60.656421,0.441546
puke brown,#947706,148,119,6,51.271791,1.584702,55.954723
very light pink,#fff4f2,255,244,242,96.972529,3.335701,2.278960
viridian,#1e9167,30,145,103,53.497413,-41.234642,13.653149
bile,#b5c306,181,195,6,75.369266,-23.544905,75.290773
faded yellow,#feff7f,254,255,127,97.682543,-17.011854,60.315023
very pale green,#cffdbc,207,253,188,94.800072,-26.199426,26.431171
vibrant green,#0add08,10,221,8,77.156349,-76.861182,73.963822
bright lime,#87fd05,135,253,5,89.584788,-64.994731,85.307521
spearmint,#1ef876,30,248,118,86.362529,-74.923510,48.658851
light aquamarine,#7bfdc7,123,253,199,91.044255,-48.314230,14.990028
light sage,#bcecac,188,236,172,88.761434,-27.024508,26.147113
yellowgreen,#bbf90f,187,249,15,90.939548,-45.667831,86.644606
baby poo,#ab9004,171,144,4,60.440318,-1.649063,64.073328
dark seafoam,#1fb57a,31,181,122,65.547176,-51.159289,19.739880
deep teal,#00555a,0,85,90,32.334910,-19.838582,-9.238543
heather,#a484ac,164,132,172,59.318949,19.544697,-16.496867
rust orange,#c45508,196,85,8,49.802554,41.192740,57.526465
dirty blue,#3f829d,63,130,157,51.215065,-12.979886,-20.847788
fern green,#548d44,84,141,68,53.331858,-33.385555,32.939034
bright lilac,#c95efb,201,94,251,59.332360,66.422076,-60.642263
weird green,#3ae57f,58,229,127,80.997723,-64.582917,37.694429
peacock blue,#016795,1,103,149,41.017404,-7.500584,-32.089611
avocado green,#87a922,135,169,34,64.677732,-29.675157,60.071935
faded orange,#f0944d,240,148,77,69.644150,28.651325,51.068487
grape purple,#5d1451,93,20,81,21.660534,39.478297,-19.230224
hot green,#25ff29,37,255,41,88.002019,-83.461628,78.219542
lime yellow,#d0fe1d,208,254,29,93.616467,-39.606699,87.569634
mango,#ffa62b,255,166,43,75.272027,24.040511,70.979528
shamrock,#01b44c,1,180,76,64.297295,-60.921464,41.740392
bubblegum,#ff6cb5,255,108,181,66.001992,63.059367,-10.438531
purplish brown,#6b4247,107,66,71,32.870763,18.498763,4.442123
vomit yellow,#c7c10c,199,193,12,76.259449,-14.753478,75.969975
pale cyan,#b7fffa,183,255,250,95.365121,-23.098521,-4.749555
key lime,#aeff6e,174,255,110,92.417055,-48.075889,60.421479
tomato red,#ec2d01,236,45,1,51.516501,69.197709,63.962116
lightgreen,#76ff7b,118,255,123,90.228691,-63.045536,51.452682
merlot,#730039,115,0,57,23.476545,47.210363,0.383371
night blue,#040348,4,3,72,5.045973,27.363718,-40.537454
purpleish pink,#df4ec8,223,78,200,57.376254,69.279323,-34.883276
apple,#6ecb3c,110,203,60,73.773161,-51.896190,59.661476
baby poop green,#8f9805,143,152,5,60.165767,-18.612248,62.595743
green apple,#5edc1f,94,220,31,78.264761,-64.166212,72.143017
heliotrope,#d94ff5,217,79,245,58.916926,74.947746,-57.859191
yellow/green,#c8fd3d,200,253,61,92.956121,-41.226829,79.617539
almost black,#070d0d,7,13,13,3.270492,-1.637173,-0.576334
cool blue,#4984b8,73,132,184,53.360465,-3.333218,-33.076167
leafy green,#51b73b,81,183,59,66.466883,-52.636717,52.072225
mustard brown,#ac7e04,172,126,4,55.789420,8.762334,60.796160
dusk,#4e5481,78,84,129,37.012804,9.669435,-26.071579
dull brown,#876e4b,135,110,75,48.021814,4.859350,23.220005
frog green,#58bc08,88,188,8,68.062863,-55.107595,67.119017
vivid green,#2fef10,47,239,16,83.110580,-78.892382,78.198688
bright light green,#2dfe54,45,254,84,88.005905,-79.566074,65.087508
fluro green,#0aff02,10,255,2,87.768418,-85.869135,83.067410
kiwi,#9cef43,156,239,67,86.605415,-50.872467,70.787667
seaweed,#18d17b,24,209,123,74.331598,-61.695850,30.970747
navy green,#35530a,53,83,10,31.727576,-23.296423,35.565436
ultramarine blue,#1805db,24,5,219,27.885994,69.842612,-94.740090
iris,#6258c4,98,88,196,43.595785,32.818571,-55.414628
pastel orange,#ff964f,255,150,79,71.989126,33.728900,53.227694
yellowish orange,#ffab0f,255,171,15,76.329856,20.927277,78.158712
perrywinkle,#8f8ce7,143,140,231,61.966817,22.742385,-45.736145
tealish,#24bca8,36,188,168,68.871023,-42.188557,-0.673787
dark plum,#3f012c,63,1,44,10.997046,32.636576,-10.245298
pear,#cbf85f,203,248,95,91.979143,-35.885996,66.686205
pinkish orange,#ff724c,255,114,76,64.821541,51.363049,46.748707
midnight purple,#280137,40,1,55,6.762866,29.365934,-25.387447
light urple,#b36ff6,179,111,246,59.531205,51.931700,-57.705138
dark mint,#48c072,72,192,114,69.675391,-50.833178,29.654196
greenish tan,#bccb7a,188,203,122,78.931098,-17.741231,38.672964
light burgundy,#a8415b,168,65,91,42.556091,44.642071,6.893661
turquoise blue,#06b1c4,6,177,196,66.109153,-30.362645,-20.276171
ugly pink,#cd7584,205,117,132,59.315769,36.132592,7.018360
sandy,#f1da7a,241,218,122,87.120096,-4.279983,49.782220
electric pink,#ff0490,255,4,144,55.448041,85.507619,-4.673252
muted purple,#805b87,128,91,135,43.975120,23.284651,-18.548752
mid green,#50a747,80,167,71,61.478384,-45.432492,41.150811
greyish,#a8a495,168,164,149,67.311557,-1.239677,8.300391
neon yellow,#cfff04,207,255,4,93.794530,-40.753385,90.213782
banana,#ffff7e,255,255,126,97.748246,-16.703748,60.861065
carnation pink,#ff7fa7,255,127,167,68.920298,52.646918,1.776690
tomato,#ef4026,239,64,38,54.199860,65.058136,53.880788
sea,#3c9992,60,153,146,57.862560,-28.918333,-4.501873
muddy brown,#886806,136,104,6,45.837884,4.482175,51.338012
turquoise green,#04f489,4,244,137,85.265501,-71.695060,38.173689
buff,#fef69e,254,246,158,95.769526,-9.677580,43.301205
fawn,#cfaf7b,207,175,123,73.126675,4.483896,30.974965
muted blue,#3b719f,59,113,159,45.963668,-3.252973,-30.166734
pale rose,#fdc1c5,253,193,197,83.472309,22.032275,6.350413
dark mint green,#20c073,32,192,115,68.925926,-56.584806,28.004622
amethyst,#9b5fc0,155,95,192,50.639188,41.938954,-41.521353
blue/green,#0f9b8e,15,155,142,57.554691,-36.452708,-2.770962
chestnut,#742802,116,40,2,27.397158,31.819899,37.964097
sick green,#9db92c,157,185,44,70.904171,-27.809668,63.272599
pea,#a4bf20,164,191,32,73.062048,-28.249928,68.753426
rusty orange,#cd5909,205,89,9,52.003618,42.718388,59.429576
stone,#ada587,173,165,135,67.683539,-2.112877,16.623842
rose red,#be013c,190,1,60,40.078934,65.573182,23.696056
pale aqua,#b8ffeb,184,255,235,95.036728,-25.964915,2.510734
deep orange,#dc4d01,220,77,1,52.431638,53.515974,62.722009
earth,#a2653e,162,101,62,48.683670,20.676830,32.068406
mossy green,#638b27,99,139,39,53.237397,-29.779152,46.597019
grassy green,#419c03,65,156,3,56.984078,-49.998112,58.520641
pale lime green,#b1ff65,177,255,101,92.488909,-47.860787,64.361192
light grey blue,#9dbcd4,157,188,212,74.753187,-5.071250,-15.488242
pale grey,#fdfdfe,253,253,254,99.334579,0.173082,-0.472120
asparagus,#77ab56,119,171,86,64.738940,-32.643744,38.131624
blueberry,#464196,70,65,150,32.444825,26.589540,-46.223537
purple red,#990147,153,1,71,32.371642,57.347474,4.807914
pale lime,#befd73,190,253,115,92.766385,-41.206574,58.857529
greenish teal,#32bf84,50,191,132,69.185888,-50.675964,19.391401
caramel,#af6f09,175,111,9,52.403393,18.597843,57.643956
deep magenta,#a0025c,160,2,92,34.583489,60.618938,-5.528439
light peach,#ffd8b1,255,216,177,88.708919,8.088177,24.306538
milk chocolate,#7f4e1e,127,78,30,37.942220,16.300288,35.767062
ocher,#bf9b0c,191,155,12,65.395212,1.555951,67.479956
off green,#6ba353,107,163,83,61.605899,-33.579947,35.652367
purply pink,#f075e6,240,117,230,67.250041,61.766218,-36.178174
lightblue,#7bc8f6,123,200,246,77.382121,-11.516562,-29.998465
dusky blue,#475f94,71,95,148,40.672506,6.790452,-31.887103
golden,#f5bf03,245,191,3,80.002123,6.129342,81.538643
light beige,#fffeb6,255,254,182,98.242280,-10.465152,34.660370
butter yellow,#fffd74,255,253,116,97.135866,-16.515985,64.578722
dusky purple,#895b7b,137,91,123,44.562890,24.116590,-10.306516
french blue,#436bad,67,107,173,45.254285,6.845430,-39.478360
ugly yellow,#d0c101,208,193,1,77.013601,-10.962786,78.004552
greeny yellow,#c6f808,198,248,8,91.305891,-41.122760,87.778518
orangish red,#f43605,244,54,5,53.908669,69.130615,64.982684
shamrock green,#02c14d,2,193,77,68.523417,-64.799432,46.224611
orangish brown,#b25f03,178,95,3,49.079467,28.654907,56.829325
tree green,#2a7e19,42,126,25,46.289346,-44.099492,44.075728
deep violet,#490648,73,6,72,15.565043,37.605011,-22.966794
gunmetal,#536267,83,98,103,40.497237,-4.509362,-4.750453
blue/purple,#5a06ef,90,6,239,35.071032,76.543191,-94.085275
cherry,#cf0234,207,2,52,43.596758,69.252422,33.724589
sandy brown,#c4a661,196,166,97,69.379186,2.129521,39.571856
warm grey,#978a84,151,138,132,58.436096,3.792895,4.973186
dark indigo,#1f0954,31,9,84,10.004352,31.741008,-40.586114
midnight,#03012d,3,1,45,2.081661,12.404878,-25.661008
bluey green,#2bb179,43,177,121,64.432188,-48.468057,18.783628
grey pink,#c3909b,195,144,155,64.896574,20.922618,1.790528
soft purple,#a66fb5,166,111,181,54.878892,33.967743,-28.450409
blood,#770001,119,0,1,23.423398,45.613612,34.871114
brown red,#922b05,146,43,5,33.671983,41.828385,43.927576
medium grey,#7d7f7c,125,127,124,52.942858,-1.346855,1.368162
berry,#990f4b,153,15,75,33.187170,55.634797,3.339638
poo,#8f7303,143,115,3,49.627978,1.438735,55.111691
purpley pink,#c83cb9,200,60,185,50.706243,68.074205,-36.945248
light salmon,#fea993,254,169,147,77.015726,28.772336,24.195033
snot,#acbb0d,172,187,13,72.456028,-23.381104,71.998479
easter purple,#c071fe,192,113,254,61.802766,55.858153,-58.408383
light yellow green,#ccfd7f,204,253,127,93.719095,-35.007446,54.771127
dark navy blue,#00022e,0,2,46,2.173196,11.714409,-26.284300
drab,#828344,130,131,68,53.380497,-9.989506,33.711941
light rose,#ffc5cb,255,197,203,84.744480,21.518992,5.005379
rouge,#ab1239,171,18,57,36.722130,58.552443,20.507723
purplish red,#b0054b,176,5,75,37.570965,62.621840,10.222061
slime green,#99cc04,153,204,4,76.048783,-39.227757,75.188228
baby poop,#937c00,147,124,0,52.530646,-1.804125,57.975340
irish green,#019529,1,149,41,53.664569,-55.444596,45.338403
pink/purple,#ef1de7,239,29,231,57.077931,89.865341,-52.764812
dark navy,#000435,0,4,53,3.105150,14.706498,-30.024097
greeny blue,#42b395,66,179,149,66.186997,-39.154757,5.966309
light plum,#9d5783,157,87,131,46.477928,34.921603,-11.999947
pinkish grey,#c8aca9,200,172,169,72.660967,9.641791,5.298097
dirty orange,#c87606,200,118,6,57.320856,25.650776,63.133527
rust red,#aa2704,170,39,4,37.857898,51.362100,49.177121
pale lilac,#e4cbff,228,203,255,85.213182,18.251703,-22.231961
orangey red,#fa4224,250,66,36,56.440807,67.671524,57.461413
primary blue,#0804f9,8,4,249,31.750124,77.186470,-105.393443
kermit green,#5cb200,92,178,0,65.053813,-50.329828,65.756209
brownish purple,#76424e,118,66,78,34.597727,24.044146,2.644489
murky green,#6c7a0e,108,122,14,48.434940,-18.653477,50.508025
wheat,#fbdd7e,251,221,126,88.795573,-1.448009,50.095322
very dark purple,#2a0134,42,1,52,6.882534,29.120844,-22.975788
bottle green,#044a05,4,74,5,26.546066,-34.174962,31.998183
watermelon,#fd4659,253,70,89,58.028176,69.178657,31.422259
deep sky blue,#0d75f8,13,117,248,51.361124,23.304894,-72.473497
fire engine red,#fe0002,254,0,2,53.039393,79.867139,66.494219
yellow ochre,#cb9d06,203,157,6,67.146649,5.771633,70.119143
pumpkin orange,#fb7d07,251,125,7,65.902393,42.809176,72.004425
pale olive,#b9cc81,185,204,129,79.090402,-18.557326,35.276647
light lilac,#edc8ff,237,200,255,85.267908,22.697240,-22.076524
lightish green,#61e160,97,225,96,80.310926,-60.320687,51.759794
carolina blue,#8ab8fe,138,184,254,74.085274,2.848386,-39.333757
mulberry,#920a4e,146,10,78,31.531980,54.954070,-1.222223
shocking pink,#fe02a2,254,2,162,55.815231,87.010248,-14.803771
auburn,#9a3001,154,48,1,35.961751,42.517954,47.623431
bright lime green,#65fe08,101,254,8,88.763824,-74.234743,83.956990
celadon,#befdb7,190,253,183,93.716904,-32.616789,27.321547
pinkish brown,#b17261,177,114,97,54.287979,22.884146,19.727847
poo brown,#885f01,136,95,1,43.392540,9.631590,50.810742
bright sky blue,#02ccfe,2,204,254,76.282925,-24.649466,-36.184987
celery,#c1fd95,193,253,149,93.344799,-36.424494,43.753804
dirt brown,#836539,131,101,57,44.842027,6.459371,29.312747
strawberry,#fb2943,251,41,67,54.560797,75.466612,39.807701
dark lime,#84b701,132,183,1,68.587561,-38.144376,69.232833
copper,#b66325,182,99,37,50.693173,28.950225,47.683818
medium brown,#7f5112,127,81,18,38.623806,14.018675,41.711056
muted green,#5fa052,95,160,82,60.053572,-36.429121,34.108357
robin's egg,#6dedfd,109,237,253,87.439360,-30.947406,-18.447492
bright aqua,#0bf9ea,11,249,234,88.807372,-51.228636,-6.633222
bright lavender,#c760ff,199,96,255,59.642515,65.894540,-62.368183
ivory,#ffffcb,255,255,203,98.864907,-8.192813,24.936827
very light purple,#f6cefc,246,206,252,87.370599,21.842241,-17.236588
light navy,#155084,21,80,132,33.052900,1.496598,-34.357784
pink red,#f5054f,245,5,79,51.940806,79.096873,29.335953
olive brown,#645403,100,84,3,36.093990,-1.450182,43.078593
poop brown,#7a5901,122,89,1,40.057232,6.421864,47.705627
mustard green,#a8b504,168,181,4,70.442921,-22.261808,71.357873
ocean green,#3d9973,61,153,115,57.086035,-36.618992,11.984964
very dark blue,#000133,0,1,51,2.354167,14.764527,-29.747433
dusty green,#76a973,118,169,115,64.535234,-27.835952,22.625472
light navy blue,#2e5a88,46,90,136,37.243098,0.282927,-30.122217
minty green,#0bf77d,11,247,125,86.040945,-74.430242,44.957623
adobe,#bd6c48,189,108,72,54.042527,28.874843,33.871199
barney,#ac1db8,172,29,184,42.930727,70.990488,-48.997361
jade green,#2baf6a,43,175,106,63.517840,-50.776231,25.628832
bright light blue,#26f7fd,38,247,253,88.931377,-43.928109,-16.338109
light lime,#aefd6c,174,253,108,91.832971,-47.418041,60.617278
dark khaki,#9b8f55,155,143,85,59.223696,-3.965420,32.390131
orange yellow,#ffad01,255,173,1,76.772659,19.766587,80.050072
ocre,#c69c04,198,156,4,66.362333,4.058345,69.582599
maize,#f4d054,244,208,84,84.477844,-0.708134,64.102360
faded pink,#de9dac,222,157,172,71.299471,26.331874,1.948346
british racing green,#05480d,5,72,13,25.849886,-32.638739,28.175262
sandstone,#c9ae74,201,174,116,72.196722,1.815040,33.350870
mud brown,#60460f,96,70,15,31.583162,5.483759,35.073106
light sea green,#98f6b0,152,246,176,89.728583,-42.282687,25.116545
robin egg blue,#8af1fe,138,241,254,89.610282,-26.733137,-15.602959
aqua marine,#2ee8bb,46,232,187,82.848153,-54.690318,9.341798
dark sea green,#11875d,17,135,93,49.781302,-40.844407,14.182018
soft pink,#fdb0c0,253,176,192,79.467151,30.254245,3.257348
orangey brown,#b16002,177,96,2,49.154585,27.671665,57.033548
cherry red,#f7022a,247,2,42,51.827340,78.556966,50.426673
burnt yellow,#d5ab09,213,171,9,71.754578,2.753147,73.538316
brownish grey,#86775f,134,119,95,50.790945,1.842449,15.344968
camel,#c69f59,198,159,89,67.669523,6.047674,41.618018
purplish grey,#7a687f,122,104,127,46.406121,11.646686,-10.104772
marine,#042e60,4,46,96,19.324233,8.132185,-33.477936
greyish pink,#c88d94,200,141,148,64.539156,23.406443,5.293914
pale turquoise,#a5fbd5,165,251,213,92.484101,-33.926857,10.057152
pastel yellow,#fffe71,255,254,113,97.364809,-17.216937,66.132559
bluey purple,#6241c7,98,65,199,38.724677,47.107822,-65.059396
canary yellow,#fffe40,255,254,64,97.031147,-19.866359,83.872473
faded red,#d3494e,211,73,78,50.883358,54.487726,27.259834
sepia,#985e2b,152,94,43,45.437618,19.027661,38.154336
coffee,#a6814c,166,129,76,56.417599,7.708153,33.961748
bright magenta,#ff08e8,255,8,232,59.218310,94.678495,-49.756268
mocha,#9d7651,157,118,81,52.642189,10.513288,26.256931
ecru,#feffca,254,255,202,98.771473,-8.689944,25.302644
purpleish,#98568d,152,86,141,45.981627,35.510824,-18.826186
cranberry,#9e003a,158,0,58,33.085690,57.816699,14.564370
darkish green,#287c37,40,124,55,45.827370,-40.543868,30.181064
brown orange,#b96902,185,105,2,52.314025,26.211152,59.609431
dusky rose,#ba6873,186,104,115,53.578445,33.951957,8.416565
melon,#ff7855,255,120,85,66.024036,48.997250,43.435696
sickly green,#94b21c,148,178,28,68.183046,-28.811033,65.089816
silver,#c5c9c7,197,201,199,80.609067,-1.744050,0.520051
purply blue,#661aee,102,26,238,37.362316,73.577929,-89.679481
purpleish blue,#6140ef,97,64,239,41.904167,58.967911,-82.762656
hospital green,#9be5aa,155,229,170,84.949167,-34.781917,21.655984
shit brown,#7b5804,123,88,4,39.915598,7.573639,46.799272
mid blue,#276ab3,39,106,179,44.221810,5.257414,-44.692966
amber,#feb308,254,179,8,78.071658,16.267366,80.135521
easter green,#8cfd7e,140,253,126,90.473127,-56.106088,50.547030
soft blue,#6488ea,100,136,234,58.278804,16.071126,-53.423861
cerulean blue,#056eee,5,110,238,48.702902,23.687457,-71.219338
golden brown,#b27a01,178,122,1,55.470394,13.688209,61.444967
bright turquoise,#0ffef9,15,254,249,90.696726,-49.060188,-11.630168
red pink,#fa2a55,250,42,85,54.701877,75.774913,29.444744
red purple,#820747,130,7,71,27.720664,50.850344,-2.560991
greyish brown,#7a6a4f,122,106,79,45.648875,1.998052,17.511632
vermillion,#f4320c,244,50,12,53.543167,70.259595,63.219959
russet,#a13905,161,57,5,38.754146,41.157922,48.448016
steel grey,#6f828a,111,130,138,53.145059,-5.050548,-6.618183
lighter purple,#a55af4,165,90,244,53.859786,58.951490,-65.784467
bright violet,#ad0afd,173,10,253,47.226789,86.079489,-81.547471
prussian blue,#004577,0,69,119,28.346543,1.732987,-33.789314
slate green,#658d6d,101,141,109,54.989804,-20.726525,12.716084
dirty pink,#ca7b80,202,123,128,60.144200,31.322574,10.445936
dark blue green,#005249,0,82,73,30.676464,-24.153216,-0.908119
pine,#2b5d34,43,93,52,35.182313,-26.866593,18.515733
yellowy green,#bff128,191,241,40,88.988739,-40.154616,81.266270
dark gold,#b59410,181,148,16,62.543964,0.899514,64.206536
bluish,#2976bb,41,118,187,48.277711,1.064569,-42.879878
darkish blue,#014182,1,65,130,27.839436,9.348618,-41.493110
dull red,#bb3f3f,187,63,63,44.916203,49.775410,27.768967
pinky red,#fc2647,252,38,71,54.598715,76.472642,37.605661
bronze,#a87900,168,121,0,54.028692,9.673577,60.091576
pale teal,#82cbb2,130,203,178,76.478599,-28.361937,5.295903
military green,#667c3e,102,124,62,48.992377,-18.899059,31.042377
barbie pink,#fe46a5,254,70,165,60.045060,75.461642,-10.191156
bubblegum pink,#fe83cc,254,131,204,70.640945,55.200005,-16.388451
pea soup green,#94a617,148,166,23,64.668411,-23.115604,63.265247
dark mustard,#a88905,168,137,5,58.253670,0.825089,62.192339
shit,#7f5f00,127,95,0,42.303861,5.280939,49.818562
medium purple,#9e43a2,158,67,162,44.079273,50.927408,-34.277780
very dark green,#062e03,6,46,3,15.482958,-23.695057,20.748923
dirt,#8a6e45,138,110,69,48.242141,5.533996,26.978390
dusky pink,#cc7a8b,204,122,139,60.447657,33.989155,4.592382
red violet,#9e0168,158,1,104,34.584332,61.510812,-13.293558
lemon yellow,#fdff38,253,255,56,97.102068,-21.430791,86.106023
pistachio,#c0fa8b,192,250,139,92.327522,-36.626389,47.273178
dull yellow,#eedc5b,238,220,91,87.056546,-8.850499,63.758792
dark lime green,#7ebd01,126,189,1,70.058373,-43.040972,70.220230
denim blue,#3b5b92,59,91,146,38.701441,5.876216,-33.839299
teal blue,#01889f,1,136,159,51.968018,-22.335392,-20.956164
lightish blue,#3d7afd,61,122,253,54.026499,25.238602,-70.874093
purpley blue,#5f34e7,95,52,231,38.995969,62.144232,-83.027975
light indigo,#6d5acf,109,90,207,45.726203,37.267363,-58.273792
swamp green,#748500,116,133,0,52.384931,-21.061435,56.616518
brown green,#706c11,112,108,17,44.533842,-9.073396,46.530951
dark maroon,#3c0008,60,0,8,8.811069,28.933250,10.641598
hot purple,#cb00f5,203,0,245,51.025350,89.214621,-70.678675
dark forest green,#002d04,0,45,4,14.874131,-24.988619,19.521115
faded blue,#658cbb,101,140,187,57.181527,-0.682240,-28.737265
drab green,#749551,116,149,81,57.848401,-23.745217,32.136697
light lime green,#b9ff66,185,255,102,92.923574,-44.997096,64.547733
snot green,#9dc100,157,193,0,73.094427,-32.693710,73.459670
yellowish,#faee66,250,238,102,92.766657,-12.186982,65.610510
light blue green,#7efbb3,126,251,179,90.174531,-50.728631,24.033086
bordeaux,#7b002c,123,0,44,24.933825,48.237638,11.709644
light mauve,#c292a1,194,146,161,65.437529,20.393325,-0.814731
ocean,#017b92,1,123,146,47.295609,-20.049119,-20.539615
marigold,#fcc006,252,192,6,80.967679,8.633491,82.255260
muddy green,#657432,101,116,50,46.295331,-16.378201,34.087901
dull orange,#d8863b,216,134,59,63.316988,25.279751,51.867073
steel,#738595,115,133,149,54.646623,-2.813451,-10.730523
electric purple,#aa23ff,170,35,255,48.219435,82.333883,-81.055684
fluorescent green,#08ff08,8,255,8,87.768531,-85.843377,82.611527
yellowish brown,#9b7a01,155,122,1,52.830399,3.091918,58.385788
blush,#f29e8e,242,158,142,73.081165,29.451937,21.318758
soft green,#6fc276,111,194,118,71.737502,-41.124734,30.538687
bright orange,#ff5b00,255,91,0,60.559336,59.660827,70.405314
lemon,#fdff52,253,255,82,97.233508,-20.370749,78.163159
purple grey,#866f85,134,111,133,49.654608,13.150460,-8.685258
acid green,#8ffe09,143,254,9,90.202254,-62.890917,85.635739
pale lavender,#eecffe,238,207,254,86.976776,19.110621,-18.954670
violet blue,#510ac9,81,10,201,29.867614,66.607031,-80.868025
light forest green,#4f9153,79,145,83,54.591935,-34.613462,26.503318
burnt red,#9f2305,159,35,5,35.175331,49.186838,46.143360
khaki green,#728639,114,134,57,52.865256,-19.592299,38.404592
cerise,#de0c62,222,12,98,47.853225,74.276324,11.453125
faded purple,#916e99,145,110,153,51.234809,21.779298,-17.978508
apricot,#ffb16d,255,177,109,78.352729,21.570595,45.844266
dark olive green,#3c4d03,60,77,3,30.095950,-17.354945,36.791444
grey brown,#7f7053,127,112,83,47.912275,1.213227,18.301126
green grey,#77926f,119,146,111,57.681363,-16.500580,15.495479
true blue,#010fcc,1,15,204,25.879730,63.718950,-89.391234
pale violet,#ceaefa,206,174,250,76.250445,26.076815,-33.441070
periwinkle blue,#8f99fb,143,153,251,66.201473,20.767296,-50.048702
light sky blue,#c6fcff,198,252,255,95.515017,-16.296040,-7.016434
blurple,#5539cc,85,57,204,36.396493,50.828680,-71.825044
green brown,#544e03,84,78,3,32.569808,-5.965902,39.657427
bluegreen,#017a79,1,122,121,46.048636,-28.138382,-7.627727
bright teal,#01f9c6,1,249,198,87.886455,-60.777229,10.753645
brownish yellow,#c9b003,201,176,3,71.877637,-5.243061,73.788840
pea soup,#929901,146,153,1,60.690101,-17.850740,63.688839
forest,#0b5509,11,85,9,30.848822,-36.614290,34.497276
barney purple,#a00498,160,4,152,37.533639,67.671944,-38.604674
ultramarine,#2000b1,32,0,177,21.872466,60.599056,-80.065646
purplish,#94568c,148,86,140,45.422330,33.993306,-19.128819
puke yellow,#c2be0e,194,190,14,75.032412,-15.382001,74.613463
bluish grey,#748b97,116,139,151,56.497815,-5.407057,-9.104103
dark periwinkle,#665fd1,102,95,209,46.460149,33.410223,-58.264898
dark lilac,#9c6da5,156,109,165,52.644323,28.565316,-22.729086
reddish,#c44240,196,66,64,46.982228,51.599014,30.071965
light maroon,#a24857,162,72,87,42.772649,38.710018,9.537775
dusty purple,#825f87,130,95,135,45.192603,21.607218,-16.665438
terra cotta,#c9643b,201,100,59,53.868681,37.129318,41.097630
avocado,#90b134,144,177,52,67.740810,-28.878491,57.121947
marine blue,#01386a,1,56,106,23.253157,5.113854,-33.668225
teal green,#25a36f,37,163,111,59.647269,-45.866044,17.680533
slate grey,#59656d,89,101,109,42.054159,-2.698299,-6.049335
lighter green,#75fd63,117,253,99,89.360320,-65.275886,60.997578
electric green,#21fc0d,33,252,13,86.981854,-83.778251,81.626616
dusty blue,#5a86ad,90,134,173,54.280160,-4.149180,-25.274533
golden yellow,#fec615,254,198,21,82.656373,6.531042,81.830287
bright yellow,#fffd01,255,253,1,96.622079,-20.597435,94.030229
light lavender,#dfc5fe,223,197,254,83.324471,19.686575,-24.609976
umber,#b26400,178,100,0,50.194502,25.892145,58.210414
poop,#7f5e00,127,94,0,42.028587,5.870147,49.629747
dark peach,#de7e5d,222,126,93,62.714442,34.039915,34.052326
jungle green,#048243,4,130,67,47.488851,-45.383377,25.708518
eggshell,#ffffd4,255,255,212,99.038739,-6.909803,20.610421
denim,#3b638c,59,99,140,40.809442,-1.227831,-26.909497
yellow brown,#b79400,183,148,0,62.717495,1.587195,66.853020
dull purple,#84597e,132,89,126,43.591149,24.042501,-13.651518
chocolate brown,#411900,65,25,0,14.509512,17.741463,21.897240
wine red,#7b0323,123,3,35,24.948250,47.140528,17.910794
neon blue,#04d9ff,4,217,255,80.103971,-30.690716,-30.822155
dirty green,#667e2c,102,126,44,49.409112,-21.736949,40.506178
light tan,#fbeeac,251,238,172,93.727339,-5.235393,33.602514
ice blue,#d7fffe,215,255,254,97.276516,-12.917632,-3.789879
cadet blue,#4e7496,78,116,150,47.380399,-3.652053,-22.591561
dark mauve,#874c62,135,76,98,39.919750,27.846086,-1.906487
very light blue,#d5ffff,213,255,255,97.180406,-13.326046,-4.459802
grey purple,#826d8c,130,109,140,48.978631,14.346254,-13.888010
pastel pink,#ffbacd,255,186,205,82.265090,27.585238,0.334908
very light green,#d1ffbd,209,255,189,95.475168,-26.318225,26.868360
dark sky blue,#448ee4,68,142,228,58.201186,4.967952,-50.296577
evergreen,#05472a,5,71,42,25.878989,-27.323932,12.108543
dull pink,#d5869d,213,134,157,64.670511,33.277183,0.578228
aubergine,#3d0734,61,7,52,11.905681,30.761522,-14.734437
mahogany,#4a0100,74,1,0,12.467760,32.361821,19.550679
reddish orange,#f8481c,248,72,28,56.763667,64.899959,60.728531
deep green,#02590f,2,89,15,32.239489,-38.726249,33.721070
vomit green,#89a203,137,162,3,62.647456,-26.277596,64.572823
purple pink,#e03fd8,224,63,216,56.449558,77.158822,-45.439242
dusty pink,#d58a94,213,138,148,65.329209,29.903149,6.622711
faded green,#7bb274,123,178,116,67.510289,-30.303322,26.119518
camo green,#526525,82,101,37,39.973139,-17.954644,33.082632
pinky purple,#c94cbe,201,76,190,53.283166,63.012136,-35.786695
pink purple,#db4bda,219,75,218,57.227834,72.270225,-45.390998
brownish red,#9e3623,158,54,35,37.898031,42.165505,34.621383
dark rose,#b5485d,181,72,93,45.976732,46.012252,10.788591
mud,#735c12,115,92,18,40.153213,1.675650,42.492478
brownish,#9c6d57,156,109,87,50.328174,15.893295,19.760309
emerald green,#028f1e,2,143,30,51.553861,-54.500643,47.278850
pale brown,#b1916e,177,145,110,62.274971,7.047520,23.113406
dull blue,#49759c,73,117,156,47.672661,-3.607969,-25.692176
burnt umber,#a0450e,160,69,14,40.838192,35.089006,46.988953
medium green,#39ad48,57,173,72,62.695681,-53.143799,41.923346
clay,#b66a50,182,106,80,52.768256,27.722436,27.599557
light aqua,#8cffdb,140,255,219,92.665522,-41.009550,7.080820
light olive green,#a4be5c,164,190,92,73.214928,-23.942385,46.072071
brownish orange,#cb7723,203,119,35,58.051248,26.943070,56.291742
dark aqua,#05696b,5,105,107,39.908547,-24.014556,-8.387603
purplish pink,#ce5dae,206,93,174,56.096942,54.345299,-22.108200
dark salmon,#c85a53,200,90,83,52.084644,43.289984,25.513024
greenish grey,#96ae8d,150,174,141,68.518006,-14.591695,14.227082
jade,#1fa774,31,167,116,60.946930,-47.034782,16.697073
ugly green,#7a9703,122,151,3,58.299527,-27.342514,60.787918
dark beige,#ac9362,172,147,98,62.101448,2.467745,29.379491
emerald,#01a049,1,160,73,57.681767,-54.896057,35.259857
pale red,#d9544d,217,84,77,53.634917,51.725203,31.509791
light magenta,#fa5ff7,250,95,247,65.925218,76.512225,-47.548256
sky,#82cafc,130,202,252,78.468360,-9.324373,-31.510699
light cyan,#acfffc,172,255,252,94.871693,-25.639168,-6.571191
yellow orange,#fcb001,252,176,1,77.133197,16.930309,80.128488
reddish purple,#910951,145,9,81,31.372581,55.134502,-3.459368
reddish pink,#fe2c54,254,44,84,55.602903,76.326554,31.330572
orchid,#c875c4,200,117,196,60.772043,44.226295,-27.579396
dirty yellow,#cdc50a,205,197,10,77.836989,-14.195509,77.591034
orange red,#fd411e,253,65,30,56.844455,68.770947,60.448838
deep red,#9a0200,154,2,0,31.614299,54.671738,45.467636
orange brown,#be6400,190,100,0,51.910215,31.002567,60.132116
cobalt blue,#030aa7,3,10,167,20.144771,54.959573,-76.941085
neon pink,#fe019a,254,1,154,55.514216,86.348356,-10.532713
rose pink,#f7879a,247,135,154,69.068675,44.496326,9.156684
greyish purple,#887191,136,113,145,50.791214,15.182560,-14.037564
raspberry,#b00149,176,1,73,37.363889,62.949644,11.228011
aqua green,#12e193,18,225,147,79.660315,-62.915794,25.730585
salmon pink,#fe7b7c,254,123,124,67.049539,49.908545,23.340871
tangerine,#ff9408,255,148,8,71.189140,32.804585,75.535594
brownish green,#6a6e09,106,110,9,44.569707,-13.279495,48.379264
red brown,#8b2e16,139,46,22,32.924712,38.341219,35.496636
greenish brown,#696112,105,97,18,40.568025,-6.143866,42.464097
pumpkin,#e17701,225,119,1,60.964763,35.486985,68.014494
pine green,#0a481e,10,72,30,26.135871,-29.499270,19.773124
charcoal,#343837,52,56,55,23.115609,-1.943219,0.036466
baby pink,#ffb7ce,255,183,206,81.612913,29.307506,-1.156428
cornflower,#6a79f7,106,121,247,55.534582,30.432467,-65.012289
blue violet,#5d06e9,93,6,233,34.678828,75.347640,-91.318086
chocolate,#3d1c02,61,28,2,14.553373,13.985066,20.996723
greyish green,#82a67d,130,166,125,64.562416,-20.434295,17.314322
scarlet,#be0119,190,1,25,39.652244,64.412620,43.869236
green yellow,#c9ff27,201,255,39,93.487004,-42.498112,85.531152
dark olive,#373e02,55,62,2,24.519139,-11.384022,32.180125
sienna,#a9561e,169,86,30,45.888905,30.266047,45.569260
pastel purple,#caa0ff,202,160,255,72.837772,33.665940,-41.467097
terracotta,#ca6641,202,102,65,54.495433,36.818834,38.663739
aqua blue,#02d8e9,2,216,233,79.042744,-37.230484,-20.730960
sage green,#88b378,136,179,120,68.627847,-25.623947,25.608840
blood red,#980002,152,0,2,31.071753,54.465323,44.063790
deep pink,#cb0162,203,1,98,43.659465,70.906116,4.978009
grass,#5cac2d,92,172,45,63.317130,-46.287483,54.342967
moss,#769958,118,153,88,59.286169,-24.055497,30.271857
pastel blue,#a2bffe,162,191,254,77.338296,5.075885,-34.179032
bluish green,#10a674,16,166,116,60.463940,-47.871824,16.005274
green blue,#06b48b,6,180,139,65.391070,-48.294942,10.221037
dark tan,#af884a,175,136,74,59.176064,7.547747,38.572594
greenish blue,#0b8b87,11,139,135,52.156682,-31.356171,-6.736729
pale orange,#ffa756,255,167,86,75.807399,25.288728,54.125251
vomit,#a2a415,162,164,21,65.190136,-16.032797,64.575307
forrest green,#154406,21,68,6,24.660322,-28.385640,29.980119
dark lavender,#856798,133,103,152,48.202262,21.595919,-22.148306
dark violet,#34013f,52,1,63,9.881878,33.563692,-25.994880
purple blue,#632de9,99,45,233,38.569960,66.027124,-84.854846
dark cyan,#0a888a,10,136,138,51.274110,-29.005636,-9.801192
olive drab,#6f7632,111,118,50,47.709716,-13.028019,35.923664
pinkish,#d46a7e,212,106,126,57.860961,43.641283,8.553681
cobalt,#1e488f,30,72,143,31.561841,12.352442,-43.489137
neon purple,#bc13fe,188,19,254,49.873971,87.149204,-77.686831
light turquoise,#7ef4cc,126,244,204,88.682130,-42.674549,9.061284
apple green,#76cd26,118,205,38,74.605486,-51.429989,67.608234
dull green,#74a662,116,166,98,63.232492,-29.749766,30.003961
wine,#80013f,128,1,63,26.652446,50.698639,1.236807
powder blue,#b1d1fc,177,209,252,82.899522,-0.986829,-24.502847
off white,#ffffe4,255,255,228,99.371020,-4.486885,12.920777
electric blue,#0652ff,6,82,255,43.196815,47.756788,-89.736487
dark turquoise,#045c5a,4,92,90,34.837784,-23.169401,-5.477800
blue purple,#5729ce,87,41,206,34.122072,59.224484,-76.724567
azure,#069af3,6,154,243,61.322280,-1.383755,-53.699793
bright red,#ff000d,255,0,13,53.272096,80.178518,64.021505
pinkish red,#f10c45,241,12,69,51.151286,77.227183,34.162042
cornflower blue,#5170d7,81,112,215,49.788078,20.837029,-56.397993
light olive,#acbf69,172,191,105,74.223394,-19.926022,41.057807
grape,#6c3461,108,52,97,30.658954,31.491974,-15.597394
greyish blue,#5e819d,94,129,157,52.412764,-4.857056,-18.882514
purplish blue,#601ef9,96,30,249,38.292263,74.735682,-94.364961
yellowish green,#b0dd16,176,221,22,82.379335,-37.533281,78.727012
greenish yellow,#cdfd02,205,253,2,93.117000,-40.666153,89.787725
medium blue,#2c6fbb,44,111,187,46.298429,5.747705,-46.023649
dusty rose,#c0737a,192,115,122,56.953942,31.127864,9.218785
light violet,#d6b4fc,214,180,252,78.442408,25.661556,-31.080391
midnight blue,#020035,2,0,53,2.437456,16.831739,-31.093038
bluish purple,#703be7,112,59,231,41.752552,61.121851,-78.433064
red orange,#fd3c06,253,60,6,56.222008,70.024811,66.848897
dark magenta,#960056,150,0,86,32.163462,58.071220,-5.454197
greenish,#40a368,64,163,104,60.142945,-42.627797,22.295547
ocean blue,#03719c,3,113,156,44.558476,-10.610086,-30.687985
coral,#fc5a50,252,90,80,60.420931,61.027282,39.399435
cream,#ffffc2,255,255,194,98.700396,-9.417044,29.257420
reddish brown,#7f2b0a,127,43,10,30.066759,34.870496,37.728589
burnt sienna,#b04e0f,176,78,15,45.242926,36.930308,51.106434
brick,#a03623,160,54,35,38.261928,42.886081,35.115134
sage,#87ae73,135,174,115,67.021389,-24.283760,26.130088
grey green,#789b73,120,155,115,60.491993,-20.125999,17.140485
white,#ffffff,255,255,255,100.000000,-0.002455,0.004653
robin's egg blue,#98eff9,152,239,249,89.507069,-23.703548,-13.085909
moss green,#658b38,101,139,56,53.510987,-27.547686,39.396580
steel blue,#5a7d9a,90,125,154,50.888867,-4.515110,-19.487834
eggplant,#380835,56,8,53,11.075547,29.168685,-16.838829
light yellow,#fffe7a,255,254,122,97.450894,-16.540951,62.301799
leaf green,#5ca904,92,169,4,62.218864,-46.741824,62.996023
light grey,#d8dcd6,216,220,214,87.309952,-2.433510,2.473269
puke,#a5a502,165,165,2,65.682549,-15.533363,67.945845
pinkish purple,#d648d7,214,72,215,55.926816,71.751941,-45.798803
sea blue,#047495,4,116,149,45.199561,-14.941584,-25.547909
pale purple,#b790d4,183,144,212,65.567224,27.378749,-29.309660
slate blue,#5b7c99,91,124,153,50.614950,-3.939554,-19.318103
blue grey,#607c8e,96,124,142,50.516282,-5.481298,-13.000516
hunter green,#0b4008,11,64,8,22.845332,-29.050904,27.254880
fuchsia,#ed0dd9,237,13,217,55.386113,89.343470,-47.554652
crimson,#8c000f,140,0,15,28.411116,51.515077,35.239741
pale yellow,#ffff84,255,255,132,97.812356,-16.201907,58.216373
ochre,#bf9005,191,144,5,62.538366,7.445488,66.387340
mustard yellow,#d2bd0a,210,189,10,76.143639,-7.955365,76.521458
light red,#ff474c,255,71,76,58.315918,68.799294,39.264016
cerulean,#0485d1,4,133,209,53.386046,-1.976116,-47.363955
pale pink,#ffcfdc,255,207,220,87.511888,18.864383,-0.008084
deep blue,#040273,4,2,115,11.320921,43.097125,-59.091220
rust,#a83c09,168,60,9,40.538804,42.446128,48.954640
light teal,#90e4c1,144,228,193,84.619374,-33.150424,9.095379
slate,#516572,81,101,114,41.643845,-4.190182,-9.765985
goldenrod,#fac205,250,194,5,81.249334,6.734271,82.454080
dark yellow,#d5b60a,213,182,10,74.588922,-3.019183,75.497221
dark grey,#363737,54,55,55,22.973147,-0.431541,-0.149461
army green,#4b5d16,75,93,22,36.710586,-18.008397,36.381163
grey blue,#6b8ba4,107,139,164,56.357348,-4.916699,-16.840583
seafoam,#80f9ad,128,249,173,89.558616,-50.516532,26.253150
puce,#a57e52,165,126,82,55.615955,9.527503,29.677539
spring green,#a9f971,169,249,113,90.494922,-46.924225,56.809087
dark orange,#c65102,198,81,2,49.372995,43.810741,58.820579
sand,#e2ca76,226,202,118,81.685918,-2.503118,44.783406
pastel green,#b0ff9d,176,255,157,93.094264,-41.917205,39.342777
mint,#9ffeb0,159,254,176,92.303313,-43.769950,28.676453
light orange,#fdaa48,253,170,72,76.133752,22.178760,60.754024
bright pink,#fe01b1,254,1,177,56.359636,88.536134,-22.765524
chartreuse,#c1f80a,193,248,10,91.004943,-43.023439,87.267654
deep purple,#36013f,54,1,63,10.296366,33.933808,-25.304445
dark brown,#341c02,52,28,2,13.016388,9.245879,18.687595
taupe,#b9a281,185,162,129,67.829473,3.388204,20.287785
pea green,#8eab12,142,171,18,65.686761,-28.240512,64.936266
puke green,#9aae07,154,174,7,67.395448,-24.795275,68.224160
kelly green,#02ab2e,2,171,46,61.075515,-61.540734,51.082423
seafoam green,#7af9ab,122,249,171,89.311213,-52.332980,26.896691
blue green,#137e6d,19,126,109,47.187644,-32.537753,1.184749
khaki,#aaa662,170,166,98,67.052309,-8.637715,35.650944
burgundy,#610023,97,0,35,18.642616,40.899415,8.515158
dark teal,#014d4e,1,77,78,29.066044,-19.743029,-6.499301
brick red,#8f1402,143,20,2,30.269750,48.506053,42.575528
royal purple,#4b006e,75,0,110,18.460123,47.350998,-43.770722
plum,#580f41,88,15,65,19.218218,37.394204,-12.158820
mint green,#8fff9f,143,255,159,91.621882,-51.459284,36.144963
gold,#dbb40c,219,180,12,74.655782,0.675556,75.580574
baby blue,#a2cffe,162,207,254,81.543671,-3.549295,-27.714802
yellow green,#c0fb2d,192,251,45,91.859606,-43.982259,82.645874
bright purple,#be03fd,190,3,253,49.622889,88.664625,-77.525649
dark red,#840000,132,0,0,26.468645,49.124537,39.254653
pale blue,#d0fefe,208,254,254,96.593684,-14.539296,-4.843293
grass green,#3f9b0b,63,155,11,56.607323,-49.969628,56.966216
navy,#01153e,1,21,62,8.042938,11.146226,-28.541801
aquamarine,#04d8b2,4,216,178,77.488332,-52.838516,6.382711
burnt orange,#c04e01,192,78,1,47.829864,42.953600,57.671016
neon green,#0cff0c,12,255,12,87.785708,-85.669236,82.322568
bright blue,#0165fc,1,101,252,47.415563,34.714256,-81.134891
rose,#cf6275,207,98,117,55.368276,44.905176,10.188476
light pink,#ffd1df,255,209,223,88.060398,18.294184,-0.793637
mustard,#ceb301,206,179,1,73.132751,-4.623889,75.132020
indigo,#380282,56,2,130,17.898069,49.373582,-57.647873
lime,#aaff32,170,255,50,91.817102,-53.410180,80.954636
sea green,#53fca1,83,252,161,88.936014,-63.171979,31.250205
periwinkle,#8e82fe,142,130,254,60.666513,34.691572,-60.497034
dark pink,#cb416b,203,65,107,48.936087,57.384561,6.958973
olive green,#677a04,103,122,4,48.021742,-21.177054,52.079851
peach,#ffb07c,255,176,124,78.327806,23.298637,38.141129
pale green,#c7fdb5,199,253,181,94.195742,-29.956693,29.068436
light brown,#ad8150,173,129,80,57.236589,11.102777,32.988682
hot pink,#ff028d,255,2,141,55.311300,85.393735,-3.087415
black,#000000,0,0,0,0.000000,0.000000,0.000000
lilac,#cea2fd,206,162,253,73.580699,33.288484,-39.199369
navy blue,#001146,0,17,70,7.613684,17.958395,-34.911556
royal blue,#0504aa,5,4,170,20.124365,57.394348,-78.792371
beige,#e6daa6,230,218,166,86.859650,-3.778842,27.141873
salmon,#ff796c,255,121,108,66.537742,49.970276,31.609410
olive,#6e750e,110,117,14,47.065754,-15.072136,49.427665
maroon,#650021,101,0,33,19.545988,41.828584,11.330671
bright green,#01ff07,1,255,7,87.745633,-86.057407,82.659147
dark purple,#35063e,53,6,62,10.813315,31.166998,-23.768131
mauve,#ae7181,174,113,129,54.444218,26.351968,1.238497
forest green,#06470c,6,71,12,25.477304,-32.204519,28.225916
aqua,#13eac9,19,234,201,83.545437,-53.670553,2.951683
cyan,#00ffff,0,255,255,91.113301,-48.090596,-14.126330
tan,#d1b26f,209,178,111,73.898463,2.450859,38.274332
dark blue,#00035b,0,3,91,7.408149,35.277738,-49.731229
lavender,#c79fef,199,159,239,71.670456,29.805199,-34.613973
turquoise,#06c2ac,6,194,172,70.592472,-45.336214,-0.374975
dark green,#033500,3,53,0,18.211963,-27.567145,25.305199
violet,#9a0eea,154,14,234,42.950000,79.900182,-77.971727
light purple,#bf77f6,191,119,246,62.443376,50.748282,-52.988673
lime green,#89fe05,137,254,5,89.957102,-64.760617,85.634481
grey,#929591,146,149,145,61.351207,-1.865974,1.730423
sky blue,#75bbfd,117,187,253,73.811199,-3.791492,-39.301717
yellow,#ffff14,255,255,20,97.160024,-21.388590,92.929627
magenta,#c20078,194,0,120,42.503918,70.896662,-10.677689
light green,#96f97b,150,249,123,89.702743,-51.916118,51.096980
orange,#f97306,249,115,6,63.688819,46.889321,70.643489
teal,#029386,2,147,134,54.657570,-35.809465,-2.466120
light blue,#95d0fc,149,208,252,81.030451,-7.953375,-27.499425
red,#e50000,229,0,0,47.833315,73.837581,61.954621
brown,#653700,101,55,0,28.113846,16.744486,38.359979
pink,#ff81c0,255,129,192,70.015092,54.814268,-10.628881
blue,#0343df,3,67,223,36.666269,45.325544,-82.456198
green,#15b01a,21,176,26,62.745779,-63.228486,58.945421
purple,#7e1e9c,126,30,156,33.488311,57.295791,-47.852723
